id,name,sku,price,currency,variations,quantity,status
61,أقراط الياقوت,,1500,SAR,,92,sale
62,خاتم الزمرد,,NULL,SAR,,NULL,hidden
63,حذاء دولتشي & قابانا,,290,SAR,,95,sale
64,حذاء كريستيان لوبوتان,,300,SAR,,82,sale
65,حذاء رالف & روسو,,540,SAR,,96,sale
70,حقيبة يد إيف سان لوران,,304,SAR,,97,sale
71,حقيبة يد فندي,,1200,SAR,,97,sale
73,ON أمينو انرجي,,120,SAR,"[{""name"":""\u0627\u0644\u062d\u062c\u0645"",""value"":""\u0663\u0660 \u062c\u0631\u0639\u0647""},{""name"":""\u0627\u0644\u0646\u0643\u0647\u0647"",""value"":""\u0627\u0644\u062a\u0648\u062a \u0627\u0644\u0623\u0632\u0631\u0642, \u0627\u0644\u0641\u0648\u0627\u0643\u0647, \u0627\u0644\u0639\u0646\u0628""}]",7,sale
75,Now sports ارجنين,,150,SAR,"[{""name"":""\u0627\u0644\u062d\u062c\u0645"",""value"":""\u0661 \u0628\u0627\u0648\u0646\u062f""}]",3,sale
78,بيتا-الانين BSN,,80,SAR,"[{""name"":""\u0627\u0644\u0646\u0643\u0647\u0647"",""value"":""\u0628\u062f\u0648\u0646""},{""name"":""\u0627\u0644\u062c\u0631\u0639\u0627\u062a"",""value"":""\u0667\u0665""}]",2,sale
79,"Cellucore سي فور-ريبد ""بور بدون كرياتين""",,160,SAR,"[{""name"":""\u0627\u0644\u062c\u0631\u0639\u0627\u062a"",""value"":""\u0663\u0660""},{""name"":""\u0627\u0644\u0646\u0643\u0647\u0647"",""value"":""\u0627\u0644\u0643\u0631\u0632, \u0627\u0644\u0641\u0648\u0627\u0643\u0647""}]",4,sale
80,Dymatize أمينو 6000,,135,SAR,"[{""name"":""\u0627\u0644\u062d\u062c\u0645"",""value"":""\u0665\u0660\u0660 \u062d\u0628\u0647""}]",3,sale
81,Muscletech Amino build next gen energized,,135,SAR,"[{""name"":""\u0627\u0644\u062d\u062c\u0645"",""value"":""\u0663\u0660 \u062c\u0631\u0639\u0647""},{""name"":""\u0627\u0644\u0646\u0643\u0647\u0647"",""value"":""\u0627\u0644\u062a\u0648\u062a \u0627\u0644\u0623\u0632\u0631\u0642, \u0627\u0644\u0641\u0648\u0627\u0643\u0647""}]",2,sale
82,Dymatize أيزو-100,,355,SAR,"[{""name"":""\u0627\u0644\u062d\u062c\u0645"",""value"":""\u0665 \u0628\u0627\u0648\u0646\u062f""},{""name"":""\u0627\u0644\u0646\u0643\u0647\u0647"",""value"":""\u0627\u0644\u0634\u0648\u0643\u0648\u0644\u0627\u062a\u0647""}]",4,sale
83,Muscletech ميشن 1,,12,SAR,"[{""name"":""\u0627\u0644\u0646\u0643\u0647\u0647"",""value"":""\u0634\u0648\u0643\u0648\u0644\u0627\u062a\u0647 \u0628\u0631\u0627\u0648\u0646\u064a""}]",24,sale
84,Scivation بي سي اي اي اكستند,,150,SAR,"[{""name"":""\u0627\u0644\u062d\u062c\u0645"",""value"":""\u0663\u0660 \u062c\u0631\u0639\u0647""},{""name"":""\u0627\u0644\u0646\u0643\u0647\u0647 "",""value"":""\u0639\u0646\u0628""}]",3,sale
90,Nutrex ليبو6 الترا,,155,SAR,,12,sale
98,Nutrex ليبو6 الترا للرجال,,155,SAR,,10,sale
104,Muscletech ميكرونيزد جلوتامين,,80,SAR,"[{""name"":""\u0627\u0644\u062d\u062c\u0645"",""value"":""\u0663\u0660\u0660 \u062c\u0631\u0627\u0645""},{""name"":""\u0627\u0644\u0646\u0643\u0647\u0647"",""value"":""\u0628\u062f\u0648\u0646""}]",3,sale
105,ابل تي في الاصدار 4,,649,SAR,,2,sale
119,جراب ايفون 5 ,,79,SAR,,6,sale
122,تعليقه,,25,SAR,,1,sale
123,براد مع تلبيسه,,190,SAR,,1,sale
125,براد مع تلبيسه,,190,SAR,,1,sale
126,براد مع تلبيسه,,190,SAR,,1,sale
127,براد مع تلبيسه,,190,SAR,,1,sale
129,براد مع تلبيسه,,190,SAR,,1,sale
130,تلبيسه ترمس نصف لتر,,145,SAR,,1,sale
131,تلبيسه كوب,,45,SAR,,1,sale
133,بيالات شاي مع تلبيسه,,90,SAR,,6,sale
135,براد شاي مع تلبيسه,,190,SAR,,1,sale
136,اساور,,6,SAR,,1,sale
141,بيالات شاي مع صينيه,,110,SAR,,1,sale
142,أساور كروشيه,,25,SAR,,1,sale
143,أساور كروشيه,,25,SAR,,1,sale
163,حلقوم تركي بنكهة الكراميل,,65,SAR,,4,sale
166,تشوكليت الهدية بحجم 800 غرام تغليف ابيض سكري,,120,SAR,,2,sale
167,تشوكليت الهدية بحجم 800 غرام تغليف فضي,,120,SAR,,1,sale
168,تشوكليت ودارك تشوكليت بعلبه معدنية,,60,SAR,,12,sale
169,تشوكليت منوع تركي,,75,SAR,,2,sale
171,تشوكليت ودارك تشوكليت بعلبه معدنية,,60,SAR,,11,sale
173,تشوكليت مميز بوكس بني ,,75,SAR,,5,sale
175,تشوكليت منوع تركي,,75,SAR,,5,sale
176,تشوكليت الهدية بحجم 800 غرام ,,120,SAR,,6,sale
177,تشوكليت منوع مميز بوكس بني,,75,SAR,,5,sale
178,تشوكليت منوعة تركيه بوكس اسود,,75,SAR,,3,sale
180,تشوكليت ودارك تشوكليت بعلبه معدنية,,60,SAR,,10,sale
181,حلويات قواقع,,65,SAR,,0,out
183,بدلة من ثلاث قطع ,,69,SAR,,2,sale
189,بلوزه و تنوره ملونه ,,179,SAR,,2,sale
190,بلوزه و تنوره وردي,,69,SAR,,2,sale
203,code 209,,65,SAR,"[{""name"":""نوع الجهاز "",""value"":""Iphone 6, iphone 6s, iphone 6 plus, iphone 6s plus, iphone 5, iphone 5s, ipad mini, Galaxy S4, Galaxy S5, Galaxy S6, Galaxy S6 EDGE, Note 3, Note 4, Note 5""}]",5,sale
204,code 208,,65,SAR,"[{""name"":""نوع الجهاز "",""value"":""Iphone 6, iphone 6s, iphone 6 plus, iphone 6s plus, iphone 5, iphone 5s, ipad mini, Galaxy S4, Galaxy S5, Galaxy S6, Galaxy S6 EDGE, Note 3, Note 4, Note 5""}]",5,sale
205,code 207,,65,SAR,"[{""name"":""\u0646\u0648\u0639 \u0627\u0644\u062c\u0647\u0627\u0632 "",""value"":""Iphone 6, iphone 6s, iphone 6 plus, iphone 6s plus, iphone 5, iphone 5s, ipad mini, Galaxy S4, Galaxy S5, Galaxy S6, Galaxy S6 EDGE, Note 3, Note 4, Note 5""}]",5,sale
209,Code 206,,65,SAR,"[{""name"":""\u0646\u0648\u0639 \u0627\u0644\u062c\u0647\u0627\u0632 "",""value"":""Iphone 6, iphone 6s, iphone 6 plus, iphone 6s plus, iphone 5, iphone 5s, ipad mini, Galaxy S4, Galaxy S5, Galaxy S6, Galaxy S6 EDGE, Note 3, Note 4, Note 5""}]",5,sale
213,Code 205,,65,SAR,"[{""name"":""\u0646\u0648\u0639 \u0627\u0644\u062c\u0647\u0627\u0632 "",""value"":""Iphone 6, iphone 6s, iphone 6 plus, iphone 6s plus, iphone 5, iphone 5s, ipad mini, Galaxy S4, Galaxy S5, Galaxy S6, Galaxy S6 EDGE, Note 3, Note 4, Note 5""}]",5,sale
214,Code 150,,65,SAR,"[{""name"":""\u0646\u0648\u0639 \u0627\u0644\u062c\u0647\u0627\u0632 "",""value"":""Iphone 6, iphone 6s, iphone 6 plus, iphone 6s plus, iphone 5, iphone 5s, ipad mini, Galaxy S4, Galaxy S5, Galaxy S6, Galaxy S6 EDGE, Note 3, Note 4, Note 5""}]",5,sale
215,Code 204,,65,SAR,"[{""name"":""\u0646\u0648\u0639 \u0627\u0644\u062c\u0647\u0627\u0632 "",""value"":""Iphone 6, iphone 6s, iphone 6 plus, iphone 6s plus, iphone 5, iphone 5s, ipad mini, Galaxy S4, Galaxy S5, Galaxy S6, Galaxy S6 EDGE, Note 3, Note 4, Note 5""}]",5,sale
218,Code 180,,65,SAR,"[{""name"":""\u0646\u0648\u0639 \u0627\u0644\u062c\u0647\u0627\u0632 "",""value"":""Iphone 6, iphone 6s, iphone 6 plus, iphone 6s plus, iphone 5, iphone 5s, ipad mini, Galaxy S4, Galaxy S5, Galaxy S6, Galaxy S6 EDGE, Note 3, Note 4, Note 5""}]",5,sale
220,Code 144,,65,SAR,"[{""name"":""نوع الجهاز "",""value"":""Iphone 6, iphone 6s, iphone 6 plus, iphone 6s plus, iphone 5, iphone 5s, ipad mini, Galaxy S4, Galaxy S5, Galaxy S6, Galaxy S6 EDGE, Note 3, Note 4, Note 5""}]",5,sale
227,Code 149,,65,SAR,"[{""name"":""\u0646\u0648\u0639 \u0627\u0644\u062c\u0647\u0627\u0632 "",""value"":""Iphone 6, iphone 6s, iphone 6 plus, iphone 6s plus, iphone 5, iphone 5s, ipad mini, Galaxy S4, Galaxy S5, Galaxy S6, Galaxy S6 EDGE, Note 3, Note 4, Note 5""}]",5,sale
230,Code 191,,65,SAR,"[{""name"":""\u0646\u0648\u0639 \u0627\u0644\u062c\u0647\u0627\u0632 "",""value"":""Iphone 6, iphone 6s, iphone 6 plus, iphone 6s plus, iphone 5, iphone 5s, ipad mini, Galaxy S4, Galaxy S5, Galaxy S6, Galaxy S6 EDGE, Note 3, Note 4, Note 5""}]",5,sale
240,بطارية متنقله 10 الاف وابو,,159,SAR,,4,sale
244,جراب اياباد اير 2 ايكون,,129,SAR,,2,sale
245,جراب ايفون 6اس زجزاج,,49,SAR,,35,sale
251,جراب ايبفون ٥ اس كوفي,,69,SAR,,5,sale
257,ايباد ميني ٣ ذهبي ١٦ قيقا واي فاي G4,,1899,SAR,,1,sale
268,بطارية متنقله ابل ٦٤٠٠ ملي امبير الوان متعدده,,199,SAR,,7,sale
318,11,,89,SAR,,1,deleted
319,9,,199,SAR,,1,deleted
320,13,,175,SAR,,1,deleted
321,2,,139,SAR,,1,deleted
462,بهارات,,50,SAR,,NULL,hidden
471,حب شمسي ,,7,SAR,,100,hidden
472,اظرف العسل ,,4,SAR,,7,hidden
473,آله القهوه ,,500,SAR,,NULL,hidden
478,بقلاوه كيلو,,180,SAR,,NULL,hidden
479,بهارات الشوربه,,50,SAR,,NULL,hidden
490,اظرف سحلب وشوكولاته ,,4,SAR,,NULL,hidden
678,بدلة بنات من ٣ قطع ( توب + بنطلون + قبعة ) اللون الأبيض  ,,69,SAR,,3,sale
768,اساور,,6,SAR,,1,sale
769,اساور,,6,SAR,,1,sale
770,Cup cozy,,45,SAR,,1,sale
771,Cup cozy,,45,SAR,,1,sale
782,اساور,,6,SAR,,1,sale
783,أساور,,6,SAR,,1,sale
784,تلبيسه للرضاعة,,35,SAR,,1,sale
801,بلوزه XXL,,120,SAR,,NULL,sale
803,3شنط تباع بدون الشنطه الكبيره ,,80,SAR,,NULL,sale
853,الاتصالات,,10,SAR,,NULL,sale
859,Quick net STC,,300,SAR,,NULL,hidden
864,$10 iTunes Gift Card,,41,SAR,,NULL,sale
865,$15 iTunes Gift Card,,62,SAR,,NULL,sale
866,$25 iTunes Gift Card,,98,SAR,,NULL,sale
867,$50 iTunes Gift Card,,195,SAR,,NULL,sale
868,$100 iTunes Gift Card,,390,SAR,,NULL,sale
872,بسكويت كرم ,,40,SAR,,12,hidden
985,إنستازيا دريم جراى,,160,SAR,,1,deleted
1014,Adidas ,,215,SAR,,NULL,sale
1026,تونر ماء الورد و الصبار- ثايرز,,55,SAR,,3,sale
1034,اسفنجة ريل تكنيك,,43,SAR,,3,sale
1035,ريل تكنيك بيوتي بلندر,,43,SAR,,NULL,sale
1036,زيت جوز الهند العضوي- جارو,,65,SAR,,3,sale
1038,بايوتين-ناترول,,75,SAR,,3,sale
1040,زيت اللوز-اورغانك,,35,SAR,,2,sale
1050,جل حواجب انستازيا,,95,SAR,,10,sale
1061,اضاءة-توني مولي-روز بنك,,74,SAR,,8,sale
1062,اضاءة كورية توني مولي- برونز,,64,SAR,,8,sale
1067,ريبير - جل المسامات,,100,SAR,,2,sale
1068,جل المسام و النعومة,,100,SAR,,3,sale
1073,زيت جوز الهند العضوي,,85,SAR,,5,sale
1079,بيضة الرؤس السوداء- سكراب-توني مولي,,65,SAR,,5,sale
1082,تنت ديلايت- توني مولي- أحمر,,40,SAR,,4,sale
1090,اللوشن المبيض للجسم و الوجة الفوري-,,140,SAR,,6,sale
1094,بيبي كريم اورا- توني مولي,,90,SAR,,5,sale
1095,اورا كريم- توني مولي,,90,SAR,,5,sale
1116,اعشاب تكبير الارداف,,250,SAR,,0,out
1177,الصابونة الأفريقية السزداء,,29,SAR,,5,deleted
1179,حبوب الكولاجين مع فيتامين سي,,65,SAR,"[{""name"":""\u0639\u062f\u062f \u0627\u0644\u0643\u0628\u0633\u0648\u0644\u0627\u062a"",""value"":""120""}]",1,deleted
1180,تونر ماء الورد والصبار,,50,SAR,,4,deleted
1181,بودرة الكولاجين,,55,SAR,,12,deleted
1185,بودرة شيكاكاي,,60,SAR,,7,deleted
1187,اوراق ملاحظة ميني,,8,SAR,"[{""name"":""\u0627\u0644\u0646\u0648\u0639"",""value"":""\u062a\u062d\u062a \u064a\u0645\u064a\u0646""}]",1,deleted
1188,اوراق ملاحظة حيوانات,,10,SAR,"[{""name"":""\u0627\u0644\u0645\u062a\u0648\u0641\u0631"",""value"":""\u0627\u0644\u0635\u0648\u0631\u0629 \u0627\u0644\u062a\u062d\u062a\u064a\u0647 \u0628\u0627\u0644\u0648\u0633\u0637""}]",1,deleted
1189,حامل لطي سلك الجوال,,8,SAR,"[{""name"":""\u0627\u0644\u0644\u0648\u0646"",""value"":""\u0628\u0646\u064a, \u0623\u062d\u0645\u0631, \u062a\u0641\u0627\u062d\u064a, \u0633\u0645\u0627\u0648\u064a""}]",1,deleted
1192,بودرة براهمي,,60,SAR,,1,deleted
1193,بودرة أملا,,60,SAR,,1,deleted
1195,زبدة لانولين,,50,SAR,,4,deleted
1198,زيت جوز الهند العضوي,,74,SAR,,5,deleted
1199,براية قلم,,10,SAR,"[{""name"":""\u0627\u0644\u0644\u0648\u0646"",""value"":""\u0623\u0635\u0641\u0631""}]",1,deleted
1206,زيت الأفوكادو,,65,SAR,,1,deleted
1207,زيت عطري | زنجبيل,,46,SAR,,1,deleted
1208,زيت عطري | ورق النعناع,,40,SAR,,4,deleted
1209,زبدة الكاكاو | شركة ناو,,40,SAR,,3,deleted
1211,زيت الأركان - الأرغان | شركة ناو,,62,SAR,,1,deleted
1214,زيت عطري | الافندر,,45,SAR,,1,deleted
1216,زيت عطري | روز هيب,,35,SAR,,1,deleted
1217,زيت عطري | سينامون,,34,SAR,,4,deleted
1218,زيت عطري | ياسمين,,42,SAR,,1,deleted
1220,بودرة أملا,,100,SAR,,1,deleted
1224,زبدة الشيا,,40,SAR,,1,deleted
1225,حامل الأعشاب او شاي التلقيمه,,20,SAR,"[{""name"":""\u0627\u0644\u0644\u0648\u0646"",""value"":""\u0628\u0631\u062a\u0642\u0627\u0644\u064a, \u0623\u062d\u0645\u0631""}]",1,deleted
1226,اسفنجة ريل تكنك,,35,SAR,,6,deleted
1227,اسفنجة الكونجاك,,35,SAR,,3,deleted
1228,اسفنجة الكونجاك,,35,SAR,,1,deleted
1229,جل الصبار,,75,SAR,,8,deleted
1230,زيت عطري | ليمون,,30,SAR,,2,deleted
1232,زيت عطري | روز ماري,,40,SAR,,1,deleted
1233,زيت عطري | شجرة الشاي,,35,SAR,,2,deleted
1234,العاب أطفال,,260,SAR,"[{""name"":""\u0627\u0644\u0634\u062d\u0646"",""value"":""\u0645\u062c\u0627\u0646\u064a""},{""name"":""\u0627\u0644\u0639\u062f\u062f"",""value"":""9 \u0643\u0631\u0627\u062a\u064a\u0646 \u0635\u063a\u064a\u0631\u0629""}]",1,deleted
1235,حافظة صغيرة متعددة الإستخدام,,35,SAR,"[{""name"":""\u0627\u0644\u0644\u0648\u0646"",""value"":""\u0623\u0633\u0648\u062f, \u062a\u0641\u0627\u062d\u064a""}]",1,deleted
1236,زبدة الشيا الأفريقية البيضاء,,60,SAR,,3,deleted
1237,زبدة الشيا الأفريقية الصفراء,,60,SAR,,1,deleted
1243,4 قطع 200جم ,,xyz,SAR,,NULL,sale
1269,2 ابجوره 2 ستاره وسجاده,,460,SAR,,1,sale
1295,الطقم ,,2000,SAR,,1,sale
1298,الطقم كامل,,1500,SAR,,1,sale
1299,الطقم كامل,,2000,SAR,,1,sale
1300,الطقم,,2000,SAR,,1,sale
1303,الطقم كامل,,1500,SAR,,1,sale
1305,الطقم كامل,,1500,SAR,,1,sale
1306,الطقم كامل,,1500,SAR,,1,sale
1307,الطقم كامل ,,1500,SAR,,1,sale
1309,الطقم كامل,,1500,SAR,,1,sale
1327,زيت الافندر,,45,SAR,,1,deleted
1328,تلبيسه لتولة العود,,6,SAR,,1,sale
1329,تلبيسة للمويه,,25,SAR,,1,sale
1332,إنستازيا دريم جراى,,160,SAR,,1,deleted
1490,Code 146,,65,SAR,"[{""name"":""\u0646\u0648\u0639 \u0627\u0644\u062c\u0647\u0627\u0632 "",""value"":""Iphone 6, iphone 6s, iphone 6 plus, iphone 6s plus, iphone 5, iphone 5s, ipad mini, Galaxy S4, Galaxy S5, Galaxy S6, Galaxy S6 EDGE, Note 3, Note 4, Note 5""}]",5,sale
1492,Code 203,,65,SAR,"[{""name"":""\u0646\u0648\u0639 \u0627\u0644\u062c\u0647\u0627\u0632 "",""value"":""Iphone 6, iphone 6s, iphone 6 plus, iphone 6s plus, iphone 5, iphone 5s, ipad mini, Galaxy S4, Galaxy S5, Galaxy S6, Galaxy S6 EDGE, Note 3, Note 4, Note 5""}]",5,sale
1493,Code 202,,65,SAR,"[{""name"":""\u0646\u0648\u0639 \u0627\u0644\u062c\u0647\u0627\u0632 "",""value"":""Iphone 6, iphone 6s, iphone 6 plus, iphone 6s plus, iphone 5, iphone 5s, ipad mini, Galaxy S4, Galaxy S5, Galaxy S6, Galaxy S6 EDGE, Note 3, Note 4, Note 5""}]",5,sale
1497,Code 139,,65,SAR,"[{""name"":""\u0646\u0648\u0639 \u0627\u0644\u062c\u0647\u0627\u0632 "",""value"":""Iphone 6, iphone 6s, iphone 6 plus, iphone 6s plus, iphone 5, iphone 5s, ipad mini, Galaxy S4, Galaxy S5, Galaxy S6, Galaxy S6 EDGE, Note 3, Note 4, Note 5""}]",5,sale
1502,Code 201,,65,SAR,"[{""name"":""نوع الجهاز "",""value"":""Iphone 6, iphone 6s, iphone 6 plus, iphone 6s plus, iphone 5, iphone 5s, ipad mini, Galaxy S4, Galaxy S5, Galaxy S6, Galaxy S6 EDGE, Note 3, Note 4, Note 5""}]",5,sale
1505,Code 200,,65,SAR,"[{""name"":""\u0646\u0648\u0639 \u0627\u0644\u062c\u0647\u0627\u0632 "",""value"":""Iphone 6, iphone 6s, iphone 6 plus, iphone 6s plus, iphone 5, iphone 5s, ipad mini, Galaxy S4, Galaxy S5, Galaxy S6, Galaxy S6 EDGE, Note 3, Note 4, Note 5""}]",5,sale
1509,Code 136,,65,SAR,"[{""name"":""\u0646\u0648\u0639 \u0627\u0644\u062c\u0647\u0627\u0632 "",""value"":""Iphone 6, iphone 6s, iphone 6 plus, iphone 6s plus, iphone 5, iphone 5s, ipad mini, Galaxy S4, Galaxy S5, Galaxy S6, Galaxy S6 EDGE, Note 3, Note 4, Note 5""}]",5,sale
1513,Code 126,,65,SAR,"[{""name"":""\u0646\u0648\u0639 \u0627\u0644\u062c\u0647\u0627\u0632 "",""value"":""Iphone 6, iphone 6s, iphone 6 plus, iphone 6s plus, iphone 5, iphone 5s, ipad mini, Galaxy S4, Galaxy S5, Galaxy S6, Galaxy S6 EDGE, Note 3, Note 4, Note 5""}]",5,sale
1515,Code 199,,65,SAR,"[{""name"":""\u0646\u0648\u0639 \u0627\u0644\u062c\u0647\u0627\u0632 "",""value"":""Iphone 6, iphone 6s, iphone 6 plus, iphone 6s plus, iphone 5, iphone 5s, ipad mini, Galaxy S4, Galaxy S5, Galaxy S6, Galaxy S6 EDGE, Note 3, Note 4, Note 5""}]",5,sale
1516,Code 198,,65,SAR,"[{""name"":""\u0646\u0648\u0639 \u0627\u0644\u062c\u0647\u0627\u0632 "",""value"":""Iphone 6, iphone 6s, iphone 6 plus, iphone 6s plus, iphone 5, iphone 5s, ipad mini, Galaxy S4, Galaxy S5, Galaxy S6, Galaxy S6 EDGE, Note 3, Note 4, Note 5""}]",5,sale
1517,Code 197,,65,SAR,"[{""name"":""\u0646\u0648\u0639 \u0627\u0644\u062c\u0647\u0627\u0632 "",""value"":""Iphone 6, iphone 6s, iphone 6 plus, iphone 6s plus, iphone 5, iphone 5s, ipad mini, Galaxy S4, Galaxy S5, Galaxy S6, Galaxy S6 EDGE, Note 3, Note 4, Note 5""}]",5,sale
1533,Code 196,,65,SAR,"[{""name"":""نوع الجهاز "",""value"":""Iphone 6, iphone 6s, iphone 6 plus, iphone 6s plus, iphone 5, iphone 5s, ipad mini, Galaxy S4, Galaxy S5, Galaxy S6, Galaxy S6 EDGE, Note 3, Note 4, Note 5""}]",5,sale
1549,Code 131,,65,SAR,"[{""name"":""نوع الجهاز "",""value"":""Iphone 6, iphone 6s, iphone 6 plus, iphone 6s plus, iphone 5, iphone 5s, ipad mini, Galaxy S4, Galaxy S5, Galaxy S6, Galaxy S6 EDGE, Note 3, Note 4, Note 5""}]",5,sale
1553,Code 195,,65,SAR,"[{""name"":""\u0646\u0648\u0639 \u0627\u0644\u062c\u0647\u0627\u0632 "",""value"":""Iphone 6, iphone 6s, iphone 6 plus, iphone 6s plus, iphone 5, iphone 5s, ipad mini, Galaxy S4, Galaxy S5, Galaxy S6, Galaxy S6 EDGE, Note 3, Note 4, Note 5""}]",5,sale
1556,Code 195,,65,SAR,"[{""name"":""\u0646\u0648\u0639 \u0627\u0644\u062c\u0647\u0627\u0632 "",""value"":""Iphone 6, iphone 6s, iphone 6 plus, iphone 6s plus, iphone 5, iphone 5s, ipad mini, Galaxy S4, Galaxy S5, Galaxy S6, Galaxy S6 EDGE, Note 3, Note 4, Note 5""}]",5,sale
1562,Code 192,,65,SAR,"[{""name"":""\u0646\u0648\u0639 \u0627\u0644\u062c\u0647\u0627\u0632 "",""value"":""Iphone 6, iphone 6s, iphone 6 plus, iphone 6s plus, iphone 5, iphone 5s, ipad mini, Galaxy S4, Galaxy S5, Galaxy S6, Galaxy S6 EDGE, Note 3, Note 4, Note 5""}]",5,sale
1567,Code 190,,65,SAR,"[{""name"":""\u0646\u0648\u0639 \u0627\u0644\u062c\u0647\u0627\u0632 "",""value"":""Iphone 6, iphone 6s, iphone 6 plus, iphone 6s plus, iphone 5, iphone 5s, ipad mini, Galaxy S4, Galaxy S5, Galaxy S6, Galaxy S6 EDGE, Note 3, Note 4, Note 5""}]",5,sale
1569,Code 130,,65,SAR,"[{""name"":""\u0646\u0648\u0639 \u0627\u0644\u062c\u0647\u0627\u0632 "",""value"":""Iphone 6, iphone 6s, iphone 6 plus, iphone 6s plus, iphone 5, iphone 5s, ipad mini, Galaxy S4, Galaxy S5, Galaxy S6, Galaxy S6 EDGE, Note 3, Note 4, Note 5""}]",5,sale
1572,Code 188,,65,SAR,"[{""name"":""\u0646\u0648\u0639 \u0627\u0644\u062c\u0647\u0627\u0632 "",""value"":""Iphone 6, iphone 6s, iphone 6 plus, iphone 6s plus, iphone 5, iphone 5s, ipad mini, Galaxy S4, Galaxy S5, Galaxy S6, Galaxy S6 EDGE, Note 3, Note 4, Note 5""}]",5,sale
1575,Code 184,,65,SAR,"[{""name"":""\u0646\u0648\u0639 \u0627\u0644\u062c\u0647\u0627\u0632 "",""value"":""Iphone 6, iphone 6s, iphone 6 plus, iphone 6s plus, iphone 5, iphone 5s, ipad mini, Galaxy S4, Galaxy S5, Galaxy S6, Galaxy S6 EDGE, Note 3, Note 4, Note 5""}]",5,sale
1576,Code 183,,65,SAR,"[{""name"":""نوع الجهاز "",""value"":""Iphone 6, iphone 6s, iphone 6 plus, iphone 6s plus, iphone 5, iphone 5s, ipad mini, Galaxy S4, Galaxy S5, Galaxy S6, Galaxy S6 EDGE, Note 3, Note 4, Note 5""}]",5,sale
1578,Code 182,,65,SAR,"[{""name"":""\u0646\u0648\u0639 \u0627\u0644\u062c\u0647\u0627\u0632 "",""value"":""Iphone 6, iphone 6s, iphone 6 plus, iphone 6s plus, iphone 5, iphone 5s, ipad mini, Galaxy S4, Galaxy S5, Galaxy S6, Galaxy S6 EDGE, Note 3, Note 4, Note 5""}]",5,sale
1579,Code 181,,65,SAR,"[{""name"":""\u0646\u0648\u0639 \u0627\u0644\u062c\u0647\u0627\u0632 "",""value"":""Iphone 6, iphone 6s, iphone 6 plus, iphone 6s plus, iphone 5, iphone 5s, ipad mini, Galaxy S4, Galaxy S5, Galaxy S6, Galaxy S6 EDGE, Note 3, Note 4, Note 5""}]",5,sale
1587,Code 172,,65,SAR,"[{""name"":""\u0646\u0648\u0639 \u0627\u0644\u062c\u0647\u0627\u0632 "",""value"":""Iphone 6, iphone 6s, iphone 6 plus, iphone 6s plus, iphone 5, iphone 5s, ipad mini, Galaxy S4, Galaxy S5, Galaxy S6, Galaxy S6 EDGE, Note 3, Note 4, Note 5""}]",5,sale
1589,Code 179,,65,SAR,"[{""name"":""\u0646\u0648\u0639 \u0627\u0644\u062c\u0647\u0627\u0632 "",""value"":""Iphone 6, iphone 6s, iphone 6 plus, iphone 6s plus, iphone 5, iphone 5s, ipad mini, Galaxy S4, Galaxy S5, Galaxy S6, Galaxy S6 EDGE, Note 3, Note 4, Note 5""}]",5,sale
1590,Code 178,,65,SAR,"[{""name"":""\u0646\u0648\u0639 \u0627\u0644\u062c\u0647\u0627\u0632 "",""value"":""Iphone 6, iphone 6s, iphone 6 plus, iphone 6s plus, iphone 5, iphone 5s, ipad mini, Galaxy S4, Galaxy S5, Galaxy S6, Galaxy S6 EDGE, Note 3, Note 4, Note 5""}]",5,sale
1591,Code 177,,65,SAR,"[{""name"":""\u0646\u0648\u0639 \u0627\u0644\u062c\u0647\u0627\u0632 "",""value"":""Iphone 6, iphone 6s, iphone 6 plus, iphone 6s plus, iphone 5, iphone 5s, ipad mini, Galaxy S4, Galaxy S5, Galaxy S6, Galaxy S6 EDGE, Note 3, Note 4, Note 5""}]",5,sale
1593,Code 176,,65,SAR,"[{""name"":""\u0646\u0648\u0639 \u0627\u0644\u062c\u0647\u0627\u0632 "",""value"":""Iphone 6, iphone 6s, iphone 6 plus, iphone 6s plus, iphone 5, iphone 5s, ipad mini, Galaxy S4, Galaxy S5, Galaxy S6, Galaxy S6 EDGE, Note 3, Note 4, Note 5""}]",5,sale
1594,Code 175,,65,SAR,"[{""name"":""\u0646\u0648\u0639 \u0627\u0644\u062c\u0647\u0627\u0632 "",""value"":""Iphone 6, iphone 6s, iphone 6 plus, iphone 6s plus, iphone 5, iphone 5s, ipad mini, Galaxy S4, Galaxy S5, Galaxy S6, Galaxy S6 EDGE, Note 3, Note 4, Note 5""}]",5,sale
1595,Code 174,,65,SAR,"[{""name"":""\u0646\u0648\u0639 \u0627\u0644\u062c\u0647\u0627\u0632 "",""value"":""Iphone 6, iphone 6s, iphone 6 plus, iphone 6s plus, iphone 5, iphone 5s, ipad mini, Galaxy S4, Galaxy S5, Galaxy S6, Galaxy S6 EDGE, Note 3, Note 4, Note 5""}]",5,sale
1597,Code 173,,65,SAR,"[{""name"":""\u0646\u0648\u0639 \u0627\u0644\u062c\u0647\u0627\u0632 "",""value"":""Iphone 6, iphone 6s, iphone 6 plus, iphone 6s plus, iphone 5, iphone 5s, ipad mini, Galaxy S4, Galaxy S5, Galaxy S6, Galaxy S6 EDGE, Note 3, Note 4, Note 5""}]",5,sale